<?xml version="1.0" encoding="utf-8" ?>
<dwsync>
<file name="cp1250.map" server="www.mqtecnologias.com" local="133655666144622421" remote="133671017400000000" Dst="0" />
<file name="cp1251.map" server="www.mqtecnologias.com" local="133655666147443924" remote="133671017400000000" Dst="0" />
<file name="cp1252.map" server="www.mqtecnologias.com" local="133655666150453459" remote="133671017400000000" Dst="0" />
<file name="cp1253.map" server="www.mqtecnologias.com" local="133655666153193574" remote="133671017400000000" Dst="0" />
<file name="cp1254.map" server="www.mqtecnologias.com" local="133655666156032919" remote="133671017400000000" Dst="0" />
<file name="cp1255.map" server="www.mqtecnologias.com" local="133655666159059684" remote="133671017400000000" Dst="0" />
<file name="cp1257.map" server="www.mqtecnologias.com" local="133655666161954506" remote="133671017400000000" Dst="0" />
<file name="cp1258.map" server="www.mqtecnologias.com" local="133655666164951216" remote="133671017400000000" Dst="0" />
<file name="cp874.map" server="www.mqtecnologias.com" local="133655666167900002" remote="133671017400000000" Dst="0" />
<file name="iso-8859-1.map" server="www.mqtecnologias.com" local="133655666170752686" remote="133671017400000000" Dst="0" />
<file name="iso-8859-11.map" server="www.mqtecnologias.com" local="133655666173514117" remote="133671017400000000" Dst="0" />
<file name="iso-8859-15.map" server="www.mqtecnologias.com" local="133655666176158151" remote="133671017400000000" Dst="0" />
<file name="iso-8859-16.map" server="www.mqtecnologias.com" local="133655666178820313" remote="133671017400000000" Dst="0" />
<file name="iso-8859-2.map" server="www.mqtecnologias.com" local="133655666181925627" remote="133671017400000000" Dst="0" />
<file name="iso-8859-4.map" server="www.mqtecnologias.com" local="133655666184649166" remote="133671017400000000" Dst="0" />
<file name="iso-8859-5.map" server="www.mqtecnologias.com" local="133655666187556505" remote="133671017400000000" Dst="0" />
<file name="iso-8859-7.map" server="www.mqtecnologias.com" local="133655666190528637" remote="133671017400000000" Dst="0" />
<file name="iso-8859-9.map" server="www.mqtecnologias.com" local="133655666193382104" remote="133671017400000000" Dst="0" />
<file name="koi8-r.map" server="www.mqtecnologias.com" local="133655666196179513" remote="133671017400000000" Dst="0" />
<file name="koi8-u.map" server="www.mqtecnologias.com" local="133655666198930981" remote="133671017400000000" Dst="0" />
<file name="makefont.php" server="www.mqtecnologias.com" local="133655666201916167" remote="133671017400000000" Dst="0" />
<file name="ttfparser.php" server="www.mqtecnologias.com" local="133655666204990315" remote="133671017400000000" Dst="0" />
</dwsync>