<?xml version="1.0" encoding="utf-8" ?>
<dwsync>
<file name="__construct.htm" server="www.mqtecnologias.com" local="133655666085779588" remote="133671017400000000" Dst="0" />
<file name="courier.php" server="www.mqtecnologias.com" local="133655666088767340" remote="133671017400000000" Dst="0" />
<file name="courierb.php" server="www.mqtecnologias.com" local="133655666091637038" remote="133671017400000000" Dst="0" />
<file name="courierbi.php" server="www.mqtecnologias.com" local="133655666094529445" remote="133671017400000000" Dst="0" />
<file name="courieri.php" server="www.mqtecnologias.com" local="133655666097229998" remote="133671017400000000" Dst="0" />
<file name="helvetica.php" server="www.mqtecnologias.com" local="133655666100127201" remote="133671017400000000" Dst="0" />
<file name="helveticab.php" server="www.mqtecnologias.com" local="133655666102809249" remote="133671017400000000" Dst="0" />
<file name="helveticabi.php" server="www.mqtecnologias.com" local="133655666105812550" remote="133671017400000000" Dst="0" />
<file name="helveticai.php" server="www.mqtecnologias.com" local="133655666108403031" remote="133671017400000000" Dst="0" />
<file name="symbol.php" server="www.mqtecnologias.com" local="133655666111418146" remote="133671017400000000" Dst="0" />
<file name="times.php" server="www.mqtecnologias.com" local="133655666114008344" remote="133671017400000000" Dst="0" />
<file name="timesb.php" server="www.mqtecnologias.com" local="133655666116833377" remote="133671017400000000" Dst="0" />
<file name="timesbi.php" server="www.mqtecnologias.com" local="133655666119813734" remote="133671017400000000" Dst="0" />
<file name="timesi.php" server="www.mqtecnologias.com" local="133655666122477109" remote="133671017400000000" Dst="0" />
<file name="zapfdingbats.php" server="www.mqtecnologias.com" local="133655666125426473" remote="133671017400000000" Dst="0" />
</dwsync>